C,rank balanced_accuracy,mean balanced_accuracy,std balanced_accuracy,rank accuracy,mean accuracy,std accuracy
0.0008876608757158817,1,0.7799655749628089,0.04752874636655831,263,0.882190765082575,0.01984425500480748
0.0008476443849811126,2,0.7798112539751546,0.04738528958552722,299,0.8816110549376475,0.020076248435041542
0.0011179284880487525,3,0.7792662685088626,0.04205504923600094,149,0.8874148972025615,0.017490550744617774
0.0011707048359804787,4,0.7791119475212083,0.042207891233425714,153,0.8868351870576339,0.01705848404649883
0.006756413074350858,5,0.77760424753441,0.045226825143270005,27,0.9036720593191777,0.012923332485706745
0.006451828352204591,5,0.77760424753441,0.045226825143270005,27,0.9036720593191777,0.012923332485706745
0.005883232704032601,7,0.7776031725430099,0.045520247704327596,24,0.9036737445230874,0.014510206529751048
0.00489195519576891,8,0.7774487233184811,0.046057832107646676,31,0.9030940343781598,0.015967880536756438
0.0061609745627209675,9,0.7774397738501995,0.04525635895874994,48,0.9030923491742501,0.013202066402102216
0.005122899779647389,10,0.7774386988587996,0.0457457416018478,31,0.9030940343781598,0.014985037844051858
0.005364747039181797,10,0.7774386988587996,0.0457457416018478,31,0.9030940343781598,0.014985037844051858
0.005618011679391243,10,0.7774386988587996,0.0457457416018478,31,0.9030940343781598,0.014985037844051858
0.0046714217858576925,13,0.7772953490853522,0.04608614419906002,58,0.9025126390293225,0.015974689909755327
0.00446083020553011,14,0.7769765544134873,0.046125264521952127,83,0.9013515335355577,0.01653656567560817
0.004067699994427719,15,0.7763411150525578,0.04558232940726298,91,0.8990293225480283,0.014973242431433578
0.003884324694702402,15,0.7763411150525578,0.04558232940726298,91,0.8990293225480283,0.014973242431433578
0.004259732268837776,17,0.7763309623560015,0.045799477435076855,91,0.8990293225480283,0.014860597242007617
0.0033823251813463505,18,0.7760233953720931,0.0451085971911501,95,0.8978682170542636,0.014398439797710834
0.0037092161060411784,19,0.7760132426755367,0.04532233227299783,95,0.8978682170542636,0.014043972124877832
0.003542001558232087,20,0.7758589216878825,0.04533040702056466,99,0.897288506909336,0.014648866438031115
0.003229847148367634,21,0.7755523014584995,0.04485894149763589,107,0.8961257162116617,0.014049504062440012
0.0030842429519642063,22,0.7752335067866346,0.04509152021524586,111,0.8949662959218065,0.014967547770452864
0.0008094318709389451,23,0.7750180974158398,0.0511581333404426,355,0.8787074486012809,0.0216175025352759
0.0029452027138648124,24,0.7749147121147697,0.045147787068075616,115,0.8938051904280417,0.015105308488189915
0.0010675313417871702,25,0.7747919066214128,0.04353563712020459,163,0.885675766767779,0.018335756573549793
0.002685643817584554,26,0.7747613378816409,0.04499669693313306,122,0.8932221098752949,0.015325200806790179
0.002812430525368452,27,0.7747502384305592,0.045181185885891116,121,0.8932237950792047,0.015202226617464005
0.0007729420088193235,28,0.7747104021950568,0.0513745955842927,356,0.8775463431075161,0.021229274499995225
0.001019406140805149,29,0.7744842114006294,0.04374825103214389,175,0.8845146612740142,0.019390640740932913
0.0009734504639194271,30,0.7741765161798464,0.04340655269054793,189,0.8833535557802493,0.01886189467720283
0.0009295665071788839,31,0.7740131174870358,0.04311785109911977,230,0.8827721604314123,0.018156385358678098
0.000738097140040481,32,0.77389005551993,0.05136754039074279,357,0.8746427367711493,0.022087997665817285
0.00042433890832287716,33,0.7737942090815206,0.049507553158626906,369,0.8595567913717559,0.027696801974150063
0.001407929693175962,34,0.7733350631807274,0.04145875904106117,147,0.8879962925513987,0.01599650161246486
0.0013444590513311868,34,0.7733350631807274,0.04145875904106117,147,0.8879962925513987,0.01599650161246486
0.0007048231069341224,36,0.7732635656272819,0.051277380114993235,358,0.8723222109875295,0.021901245077331315
0.000673049094921332,37,0.7731183223447836,0.0514798374175148,359,0.8717441860465115,0.022074953977098518
0.0012838497188228887,38,0.7730264212054188,0.0415065100573652,151,0.8868368722615436,0.017045857455562037
0.001225972705445816,38,0.7730264212054188,0.0415065100573652,151,0.8868368722615436,0.017045857455562037
0.0006427074818033231,40,0.7729549236519733,0.051240768210437,360,0.8711627906976742,0.021396920362219834
0.009331466827566528,41,0.7727212188047943,0.043089143361033026,10,0.9059925851027975,0.011137525770811733
0.008910796540002066,42,0.772711066108238,0.0429651971419383,12,0.9059908998988877,0.010369244662733203
0.0006137336938462851,43,0.7723385864558814,0.05121299558225624,361,0.8688422649140545,0.022969108220678856
0.000586066068354051,44,0.7717019438666772,0.051457301146118746,362,0.8665217391304347,0.023657904449022354
0.007759189535367094,45,0.7716638362642442,0.046929439161198114,19,0.9042500842601957,0.012756653656904598
0.0002554733341531624,46,0.771531441583797,0.068106738009638,380,0.8282018874283787,0.03157403100051591
0.007075376953520609,47,0.7715095152765898,0.04674266869650045,29,0.903670374115268,0.012672904385037868
0.007409398816134453,48,0.7713450415923793,0.046935539553315364,50,0.9030906639703404,0.01295695127883483
0.0005596457224360915,49,0.7712094695685712,0.05158860337232652,363,0.8647809234917425,0.02501186228217037
0.0025645727600631892,50,0.7710779395710496,0.0463027496818627,112,0.8943798449612403,0.015693649946954134
0.002448959686535594,51,0.7709134658868391,0.04630193797810493,116,0.8938001348163128,0.0164220647213803
0.0005344164276915689,52,0.7709017743477878,0.05122072631576586,364,0.8636198179979779,0.02463104238280533
0.002132462826078452,53,0.7707592731360593,0.04637078015128849,122,0.8932221098752949,0.016790197112211316
0.0023385585465427556,54,0.7707591448991848,0.04648242743286697,124,0.8932204246713853,0.016294800854691583
0.002036329627853186,55,0.7706058989029305,0.04645865780614346,129,0.8926407145264577,0.017056684292749275
0.01175213742906645,56,0.7705880863299768,0.04803404445610316,1,0.9077384563532187,0.015177999860298785
0.0022331343817850466,57,0.7704414252187199,0.04618707113053415,134,0.8920593191776204,0.016084518387470808
0.00024395638371769814,58,0.7704338577775554,0.06828169916738998,381,0.8241388608021571,0.03375100979193937
0.0005103244905427326,59,0.7704185059917126,0.051604161420870646,365,0.8618790023592855,0.025010681411111943
0.01413352258924401,60,0.7704144067037355,0.04784362948041908,3,0.9071553758004718,0.013751625721364588
0.0019445301941784674,61,0.7702881792224657,0.04617095522871366,136,0.8914796090326929,0.016101273148666908
0.0018568691553430376,62,0.7702781547627839,0.04615276802306116,136,0.8914796090326929,0.016101273148666908
0.012306944736088782,63,0.7702702384126374,0.04823088331556748,5,0.9065773508594539,0.0156158196141225
0.00048731863796298516,64,0.7702641850040581,0.05146456518991712,366,0.861299292214358,0.025327679641956743
0.012887943972007728,65,0.7702600857160812,0.04803352192121386,7,0.9065756656555444,0.014508955444767409
0.013496371633045751,65,0.7702600857160812,0.04803352192121386,7,0.9065756656555444,0.014508955444767409
0.0017731599490647533,67,0.7701136810785736,0.046164039702690195,139,0.8908998988877654,0.016201196655683574
0.00046534990835642333,68,0.7700997113198477,0.05131741048058985,367,0.8607195820694304,0.02569313212241929
0.0004443715473566187,69,0.7699352376356371,0.051433489724713684,368,0.8601381867205932,0.02598664720556659
0.00169322442344435,70,0.7697948864067087,0.04627133133088409,141,0.8897387933940006,0.016655950845725936
0.00023295862698897676,71,0.7696338164955406,0.06826606141004235,382,0.8212369396696999,0.0337514465755799
0.0014743967240682125,72,0.7696294659679727,0.04610407040019798,142,0.8891590832490731,0.01785938968517179
0.0016168924578183997,73,0.7694760917348438,0.04636771875240031,144,0.8885776879002358,0.017697749257559636
0.001544001600704497,73,0.7694760917348438,0.046194165158203175,144,0.8885776879002358,0.01816627428478519
0.00022245665828277332,75,0.769459190114774,0.0684605712112569,383,0.8206555443208629,0.03345072268011129
0.0002124281270625806,76,0.7689880962011802,0.06806641519381591,384,0.8189113582743511,0.03224785374208638
0.009771996562044085,77,0.7688713250640669,0.04662320903173512,7,0.9065756656555444,0.013041636817000197
0.008509090418962507,78,0.768707798134382,0.04735279132164669,10,0.9059925851027975,0.01187204733304128
0.00020285169037266958,79,0.7685159272961867,0.06822277984458605,385,0.8171705426356588,0.03232285870383529
0.00812549354404435,80,0.7682457819259445,0.04749423996079805,18,0.9042517694641052,0.012875544148699266
0.00019370696741551137,81,0.7675614367896431,0.06821698847777709,386,0.8136889113582744,0.03244416680410145
0.00040520935732220927,82,0.767400987544948,0.045753420568234164,370,0.8583956858779913,0.0284077790664479
0.00038694218239479256,83,0.7667744976523,0.04620835938595224,371,0.8560734748904617,0.029186720478376012
0.010716428815305356,84,0.7664103202122284,0.049899123885075884,2,0.9071587462082912,0.01556818479259854
0.011222341296996645,85,0.7662569459790995,0.0498793758329872,5,0.9065773508594539,0.015179303941075067
0.01023332328916438,86,0.7662458465280179,0.04993988262007676,4,0.9065790360633637,0.015715332353051312
0.0003694985069098213,87,0.7659733813788854,0.04654787952454729,372,0.853169868554095,0.030711602130030234
0.023475653794383645,88,0.765671049285905,0.047938434934795306,58,0.9025126390293225,0.012931632004633164
0.00018497449617688478,89,0.7656516372589051,0.06848557952842581,387,0.8067239635995958,0.033631728885936345
0.00035284120682735093,90,0.7653470197231119,0.0463128848438288,373,0.8508493427704753,0.0312458225478604
0.0001766356920063604,91,0.764850649222365,0.06863280016875023,388,0.8038220424671385,0.0339803902070544
0.0003369348316900392,92,0.7645580778921788,0.04648142605093205,374,0.8479457364341085,0.03141670666544885
0.014800752840235097,93,0.7638567114829524,0.050956254601304846,13,0.9054145601617796,0.013696971637248746
0.00016867280806501112,94,0.7637399442191161,0.06888603193829625,389,0.7997623862487361,0.03491285562714659
0.016231198324544848,95,0.7636922377987418,0.05108269692647538,15,0.904834850016852,0.014269920625414484
0.015499482401113474,95,0.7636922377987418,0.05108269692647538,15,0.904834850016852,0.014269920625414484
0.016997457865546614,97,0.7636811383476602,0.05152949120989963,14,0.9048365352207617,0.015827852826520605
0.017799891795674552,98,0.7635277641145313,0.051250770698137084,17,0.9042551398719245,0.014911161862736208
0.018640207873669188,99,0.763373443126877,0.05140988381518733,20,0.9036754297269971,0.015612282740037162
0.01952019447994804,99,0.763373443126877,0.05140988381518733,20,0.9036754297269971,0.015612282740037162
0.020441724422678845,101,0.7632100444340666,0.05111373049708324,31,0.9030940343781598,0.014751111083674738
0.021406758923533893,102,0.7630466457412561,0.05081795282996307,58,0.9025126390293225,0.013933820311176598
0.0003217455291766534,103,0.7629891436985945,0.04612292600979627,375,0.8421368385574655,0.03133620035457961
0.022417351791608066,104,0.7628932715081272,0.05054066869892353,79,0.9019312436804853,0.013168583186455543
0.00015380777765887154,105,0.7626331544708437,0.06843779917810278,390,0.7956943040107853,0.034831522780686734
0.00016106889755617234,106,0.7624697557780333,0.06814061265858216,391,0.7951145938658578,0.033940352481981885
0.0003072409730567643,107,0.7623627820428212,0.0461763021536745,376,0.8398146275699359,0.031113529810897055
0.00029339029439330285,108,0.7617272144450169,0.04613885242161509,377,0.8374924165824066,0.03189567173838748
0.00028016401584656355,109,0.7612651982365793,0.04637220320363071,378,0.8357516009437141,0.03326916822537736
0.00026753398893983733,110,0.7603005550334797,0.04668956608462082,379,0.8322682844624201,0.034805233446269124
0.024583917235044002,111,0.759421049285905,0.05104805835401002,72,0.9019329288843949,0.013030895868005361
0.00014687399508716824,112,0.7570205979909275,0.0727982547625002,392,0.7898870913380518,0.03939692623007623
0.00014025279320210803,113,0.7568570710612424,0.07300821131107209,393,0.789304010785305,0.041900792078204484
0.03096121748378713,114,0.7554177813120488,0.05099181016987557,66,0.901932928884395,0.012902819172251946
0.028232624507910385,114,0.7554177813120488,0.05099181016987557,66,0.901932928884395,0.012902819172251946
0.0269598743079786,114,0.7554177813120488,0.05098422906414443,66,0.901932928884395,0.01328776347455771
0.029565460042548165,114,0.7554177813120488,0.05099181016987557,66,0.901932928884395,0.012902819172251946
0.025744500745878432,118,0.7552543826192383,0.05066504335378324,83,0.9013515335355577,0.012455954851650792
0.00013393008060629677,119,0.7523303334656194,0.07270229657887671,394,0.7852443545669026,0.03958768111749346
0.04083366522928125,120,0.7517343830014576,0.042802199479423396,31,0.9030940343781598,0.01279635861802496
0.042761383993501705,120,0.7517343830014576,0.042802199479423396,31,0.9030940343781598,0.01279635861802496
0.03899284963064806,120,0.7517343830014576,0.042802199479423396,31,0.9030940343781598,0.01279635861802496
0.03723501953060141,120,0.7517343830014576,0.042802199479423396,31,0.9030940343781598,0.01279635861802496
0.049107962989973115,124,0.7517242303049014,0.04280874893537602,31,0.9030940343781598,0.01279635861802496
0.046894135164783905,124,0.7517242303049014,0.04280874893537602,31,0.9030940343781598,0.01279635861802496
0.044780108539668545,124,0.7517242303049014,0.04280874893537602,31,0.9030940343781598,0.01279635861802496
0.03555643387382839,127,0.7512511146453822,0.04288984097750609,83,0.9013515335355577,0.01204445497739127
0.03395352025490158,127,0.7512511146453822,0.04288984097750609,83,0.9013515335355577,0.01204445497739127
0.03242286731540225,127,0.7512511146453822,0.04288984097750609,83,0.9013515335355577,0.01204445497739127
0.06476677223286038,130,0.7491118729658596,0.049111847927894026,30,0.9030957195820696,0.015947152892102096
0.06184703226021927,131,0.7489473992816491,0.0490265240381637,53,0.9025143242332323,0.015194397492653531
0.0001278924011542575,132,0.7478146953210779,0.07341037364521767,395,0.7811830131445904,0.040237716972253014
0.059058916594517466,133,0.7474041894051059,0.04602242664113125,66,0.901932928884395,0.014024598222172066
0.053854090748535276,133,0.7474041894051059,0.04595335848656245,66,0.901932928884395,0.013286290835497963
0.05142630353562002,135,0.7474032426505803,0.046325849232468574,63,0.9019346140883047,0.014135871307971806
0.05639649150249792,136,0.7472498684174516,0.04610499155287471,80,0.9013532187394675,0.014092351415169665
0.08945115995258458,137,0.7452649477255833,0.05238920792424361,24,0.9036737445230874,0.013664849759845558
0.08541862724625106,138,0.7451106267379289,0.052511144552564434,31,0.9030940343781598,0.014286147945898752
0.0815678844690394,138,0.7451106267379289,0.052577827578990266,31,0.9030940343781598,0.015087030615112445
0.07789073637971122,138,0.7451106267379289,0.052577827578990266,31,0.9030940343781598,0.015087030615112445
0.07437935718532088,141,0.744945206299193,0.05295697748158482,51,0.9025160094371418,0.017161931282393916
0.06782435037163954,141,0.744945206299193,0.05285186183486685,51,0.9025160094371418,0.01646230286722905
0.07102627388617912,143,0.7447807326149823,0.05302095673688633,62,0.9019362992922144,0.017040881926641296
0.09809632883025173,144,0.7412707574568833,0.05143844401452206,20,0.9036754297269971,0.01483581816869469
0.10272736385307926,144,0.7412707574568833,0.05143844401452206,20,0.9036754297269971,0.01483581816869469
0.09367406471887607,146,0.7410982810589166,0.050730023977660306,48,0.9030923491742501,0.012935937395518023
0.11797400156461631,147,0.7398828153225198,0.052640289438882264,24,0.9036737445230874,0.014383058892039927
0.12354344274089367,148,0.7397284943348655,0.0526859455003243,31,0.9030940343781598,0.014285463105441492
0.470747454128521,149,0.7381632025081885,0.09150488682683572,108,0.8955510616784631,0.015550723465244633
0.49297099677249173,149,0.7381632025081885,0.09150488682683572,108,0.8955510616784631,0.015550723465244633
0.5162436918724501,151,0.7376910336031948,0.0915370395131532,113,0.8938102460397708,0.015395041573487122
0.5406150689248177,151,0.7376910336031948,0.0915370395131532,113,0.8938102460397708,0.015395041573487122
0.00012212690531474636,153,0.7375817151535629,0.06719902911771082,396,0.7730586450960566,0.04142322037220628
0.781907283759453,154,0.7375478120666221,0.09161386371926959,117,0.8932288506909336,0.015377662136380118
0.5661369956667599,155,0.737537659370066,0.091617377457007,117,0.8932288506909336,0.01482124489285778
0.5928637884623186,155,0.737537659370066,0.091617377457007,117,0.8932288506909336,0.01482124489285778
0.6208523278997751,155,0.737537659370066,0.091617377457007,117,0.8932288506909336,0.01482124489285778
0.6808557222172039,158,0.7373944378334933,0.09142135141683982,126,0.8926474553420964,0.014665546061621097
0.7129982777305356,158,0.7373944378334933,0.09142135141683982,126,0.8926474553420964,0.014665546061621097
0.7466582529279718,158,0.7373944378334933,0.09142135141683982,126,0.8926474553420964,0.014665546061621097
0.8188203880404491,161,0.7373934910789679,0.09175665464211322,125,0.8926491405460061,0.01565531902072111
0.8574761251066391,162,0.7372300923861574,0.09155162597921408,130,0.8920677451971688,0.014933876944101098
0.9403484535822448,162,0.7372300923861574,0.09155162597921408,130,0.8920677451971688,0.014933876944101098
0.8979567630057271,162,0.7372300923861574,0.09155162597921408,130,0.8920677451971688,0.014933876944101098
0.6501621798462548,165,0.7372299641492829,0.09157360960470468,130,0.8920677451971688,0.014933876944101098
0.11265563542986154,166,0.737105037544742,0.054748407820892304,31,0.9030940343781598,0.014974588049921266
0.9847414158279238,167,0.737066693693347,0.09134730625927769,135,0.8914863498483315,0.014270827303830455
0.10757702566488468,168,0.7369507165570877,0.054784483215197737,53,0.9025143242332323,0.014858271521466493
1.0312301278878753,169,0.7369123727056925,0.0911669865702313,138,0.890906639703404,0.014383744416608814
1.0799135281311971,170,0.7365946530252279,0.09111243920560558,140,0.8897455342096394,0.014661919026291324
1.1308952257139362,171,0.7362758583533631,0.09106361805050822,143,0.8885861139197843,0.015060417207420513
0.00011662132282407701,172,0.7361532904698491,0.06737824721311395,397,0.7678395685877992,0.03988970791416995
0.00011136393657225811,173,0.7347348902458173,0.0680754424943723,398,0.7626171216717224,0.04188556251769218
0.14857757146481015,174,0.733488518794547,0.0524515439523942,58,0.9025126390293225,0.012931632004633164
0.16293711914901915,175,0.7334875720400216,0.05250504862995881,55,0.9025143242332321,0.014163488323068872
0.14187957093941683,176,0.7334774193434653,0.052904139776077753,55,0.9025143242332321,0.014399487682397663
0.15559177826811313,177,0.7333341978068928,0.052537116525706674,72,0.9019329288843949,0.013536868220089742
0.17062922663454444,178,0.733323098355811,0.05259862668698734,63,0.9019346140883047,0.014831948245711182
0.13548352184986856,179,0.7333140206506549,0.05259031740879941,72,0.9019329288843949,0.013660433365358292
0.1293758119742398,179,0.7333140206506549,0.05259031740879941,72,0.9019329288843949,0.013660433365358292
1.1842837210825274,181,0.7321091916866964,0.08609318717651634,146,0.888004718570947,0.01449703419278171
0.00010634355766636436,182,0.7300849552230751,0.06048401379251876,399,0.7602965958881025,0.04216378868593494
1.2401926368869927,183,0.7291770929212642,0.08910636824049052,150,0.886845298281092,0.016279452161187712
1.2987409597953348,184,0.72902277193361,0.08927281046915676,156,0.8862655881361645,0.01721864135275607
1.3600532937237584,184,0.72902277193361,0.08927281046915676,156,0.8862655881361645,0.01721864135275607
1.424260125021652,184,0.72902277193361,0.08927281046915676,156,0.8862655881361645,0.01721864135275607
0.00010154950161807173,187,0.7288219509780974,0.06059152303376659,400,0.7556555443208628,0.041053738853836425
119.34236988687873,188,0.7280646226458389,0.08832119884073938,211,0.8827890124705089,0.02017572233798898
35.96884929689012,189,0.7280636758913135,0.08874186266602233,192,0.8827923828783282,0.022451193455687624
37.66690469622056,189,0.7280636758913135,0.08874186266602233,192,0.8827923828783282,0.022451193455687624
32.79893682192827,189,0.7280636758913135,0.08874186266602233,192,0.8827923828783282,0.022451193455687624
34.347343647597526,189,0.7280636758913135,0.08874186266602233,192,0.8827923828783282,0.022451193455687624
43.257368892689506,189,0.7280636758913135,0.08874186266602233,192,0.8827923828783282,0.022451193455687624
62.56438963259316,194,0.7279204543547408,0.08820458988286603,234,0.8822109875294911,0.022152854003806125
71.85010033900086,195,0.7279103016581847,0.08846690186091093,244,0.8822093023255814,0.020989024660485453
99.23413806890852,195,0.7279103016581847,0.08846690186091093,244,0.8822093023255814,0.020989024660485453
65.51799536917211,195,0.7279103016581847,0.08846690186091093,244,0.8822093023255814,0.020989024660485453
39.445123686979834,198,0.7279103016581846,0.0885657664135837,234,0.8822109875294911,0.021924119707527424
41.30729071659689,198,0.7279103016581846,0.0885657664135837,234,0.8822109875294911,0.021924119707527424
45.29950841744241,198,0.7279103016581846,0.0885657664135837,234,0.8822109875294911,0.021924119707527424
52.022791946252184,198,0.7279103016581846,0.0885657664135837,234,0.8822109875294911,0.021924119707527424
57.05062861266869,202,0.7277661333670865,0.08801288566512401,264,0.8816312773845636,0.02258573879515242
49.67756120682693,203,0.7277559806705304,0.08837348054649903,264,0.8816312773845636,0.022286162586627085
108.8248005319804,203,0.7277559806705304,0.08793676200103195,266,0.8816295921806538,0.021049956440362748
59.74393489976511,205,0.7277469029653743,0.08827987213612967,268,0.8816279069767441,0.020490297665907993
143.52521750454878,205,0.7277469029653743,0.08829267802507172,268,0.8816279069767441,0.019823400068276927
47.43805542016523,207,0.7277469029653741,0.08837894590867684,266,0.8816295921806538,0.021447193912688678
54.478738813593736,208,0.727602734674276,0.08782462085762129,300,0.8810498820357264,0.022107840625838197
78.7941830276686,209,0.727601659682876,0.08808256020098326,300,0.8810498820357264,0.021799903556471996
68.61103804261535,209,0.727601659682876,0.08808256020098326,300,0.8810498820357264,0.021799903556471996
86.409389126875,209,0.727601659682876,0.08808256020098326,300,0.8810498820357264,0.021799903556471996
82.51398197985615,209,0.727601659682876,0.08808256020098326,300,0.8810498820357264,0.021799903556471996
130.87642872390194,213,0.7275925819777199,0.08774831496407313,306,0.8810481968318167,0.020536302656913388
113.96231656979162,213,0.7275925819777199,0.08774831496407313,306,0.8810481968318167,0.020536302656913388
94.76058057049478,213,0.7275925819777199,0.08774831496407313,306,0.8810481968318167,0.020536302656913388
157.3964713171147,216,0.7275916352231944,0.08784214680147631,300,0.8810498820357264,0.021491196080416487
0.18711999635182175,217,0.7274020457242321,0.05914952852623277,55,0.9025143242332321,0.014281632959820338
0.21489205908128697,218,0.7272477247365777,0.05902384401892143,72,0.9019329288843949,0.014024598222172066
0.20520454628619317,218,0.7272477247365777,0.05902384401892143,72,0.9019329288843949,0.014024598222172066
0.22503691020466626,218,0.7272477247365777,0.05902384401892143,72,0.9019329288843949,0.014024598222172066
0.17868447124853964,221,0.7272375720400216,0.05935490810405462,63,0.9019346140883047,0.014831948245711182
0.19595375462707956,222,0.7270832510523673,0.0592269471990947,81,0.9013532187394674,0.014445632003224759
1.7937266491209154,223,0.7262540718609882,0.09146102299920668,160,0.8856875631951467,0.017420558202312145
1.7128639595522512,224,0.7261006976278594,0.09128696334041658,168,0.8851061678463095,0.016836070627848795
1.561910316624156,225,0.7259463766402051,0.09179648055730988,172,0.8845264577013818,0.018433205001033206
1.635646627300152,225,0.7259463766402051,0.09179648055730988,172,0.8845264577013818,0.018433205001033206
1.491498100175702,227,0.7259363521805235,0.09178517460711087,172,0.8845264577013818,0.018433205001033206
12.449691723538143,228,0.7256045645485261,0.09180015687240564,184,0.8833720930232557,0.021984178126946665
13.652914660858725,228,0.7256045645485261,0.09180015687240564,184,0.8833720930232557,0.021984178126946665
17.194609632832094,230,0.7256036177940005,0.09190102953830673,181,0.8833737782271655,0.023530273782552062
20.678825883860455,230,0.7256036177940005,0.09190102953830673,181,0.8833737782271655,0.023530273782552062
16.419462326147787,232,0.7255945400888444,0.09155420447877577,183,0.8833720930232559,0.02213740045602265
13.037429909896561,233,0.7254502435608716,0.0916093904608326,192,0.8827923828783282,0.022300127276581157
26.043108564769955,234,0.72544021910119,0.09133984877432558,192,0.8827923828783282,0.022451193455687624
28.560091818661796,234,0.72544021910119,0.09133984877432558,192,0.8827923828783282,0.022451193455687624
29.90838677571634,234,0.72544021910119,0.09133984877432558,192,0.8827923828783282,0.022451193455687624
18.85641372950553,234,0.72544021910119,0.09171407148648267,190,0.8827923828783284,0.022969121821130718
18.006350911665116,234,0.72544021910119,0.09171407148648267,190,0.8827923828783284,0.022969121821130718
23.7479454906099,234,0.72544021910119,0.09133984877432558,192,0.8827923828783282,0.022451193455687624
22.677368351645217,234,0.72544021910119,0.09133984877432558,192,0.8827923828783282,0.022451193455687624
24.869063565043874,234,0.72544021910119,0.09133984877432558,192,0.8827923828783282,0.022451193455687624
14.297455865530388,242,0.7254300664046338,0.09135034477904684,192,0.8827923828783282,0.022451193455687624
31.320333464101484,243,0.7252858981135357,0.09149974441126471,231,0.8822126727334008,0.02325725732248062
27.2725791199367,244,0.7252768204083796,0.09115291133916727,234,0.8822109875294911,0.021924119707527424
14.97242525164449,245,0.725276692171505,0.09140899009988561,241,0.882210987529491,0.02169162069557059
19.74660721001156,246,0.7252757454169795,0.09151029056152164,231,0.8822126727334008,0.02325725732248062
21.655053720733157,246,0.7252757454169795,0.09151029056152164,231,0.8822126727334008,0.02325725732248062
103.91888799112473,248,0.724939622645839,0.08987638235338509,254,0.8822076171216716,0.019414076828761617
755.3186652841862,249,0.7249113233323562,0.08976556473813953,178,0.8839450623525448,0.016575331558274904
90.4886947657246,250,0.7247853016581847,0.09001421087229312,268,0.8816279069767441,0.020241335970929104
150.30090744981337,251,0.7246309806705303,0.0894878485558062,306,0.8810481968318167,0.020287905517003515
124.97641043909697,251,0.7246309806705303,0.0894878485558062,306,0.8810481968318167,0.020287905517003515
75.24207570679843,253,0.724476659682876,0.08962574313950075,331,0.8804684866868892,0.021048994219042955
137.05498129880797,253,0.724476659682876,0.08963835675521584,331,0.8804684866868892,0.020400368856046475
0.23566069016681013,255,0.7244699469588001,0.060441288896225916,81,0.9013532187394674,0.014903651836307347
951.2554586740881,256,0.7244483603693933,0.08884486966873877,251,0.8822076171216718,0.019154194437110392
172.60833750204318,257,0.7243132609900655,0.08944750413543137,345,0.8798870913380519,0.019835926685455394
9.69715656046784e-05,258,0.7231783806665373,0.06036735108472436,401,0.7527502527805864,0.0393109898925478
6914.055926496949,259,0.7221629286528469,0.09130697038963877,187,0.8833704078193462,0.02065126569811441
1580.026753899641,260,0.7221518292017652,0.090995660830322,184,0.8833720930232557,0.02198684811173214
454.7397704606499,261,0.7219792245669241,0.09143225877991337,229,0.8827873272665991,0.01889259653156843
721.2682714930137,262,0.721939697565485,0.09216245126689042,180,0.8839450623525446,0.01606046150209107
0.35693377573073715,263,0.7218234614640172,0.06824331512599623,100,0.8967138523761375,0.017725986968973997
0.3737842821253185,263,0.7218234614640172,0.06824331512599623,100,0.8967138523761375,0.017725986968973997
657.7033441658125,265,0.7217964760289124,0.09225657940316438,188,0.883365352207617,0.016812978324031315
9.260000675521785e-05,266,0.7217609271970308,0.060908531778811136,402,0.7475294910684193,0.04177267440877998
0.25843654310599606,267,0.7216932441724223,0.06203036272184837,88,0.9007735085945401,0.01581887580201068
4162.6089086311,268,0.7216796602967716,0.09167433148780896,268,0.8816279069767441,0.019219365744795002
0.3914302850098931,269,0.7216700872308884,0.06824178040290213,105,0.8961324570273004,0.017032565251219538
9549.191680860142,270,0.7216696358370899,0.09137781779756336,268,0.8816279069767441,0.01948139204938101
3624.6447036112945,271,0.7216695076002153,0.0913238928562738,268,0.8816279069767441,0.01956595445454875
6304.724447664168,271,0.7216695076002153,0.0913238928562738,268,0.8816279069767441,0.01956595445454875
2285.238607695457,271,0.7216695076002153,0.0913238928562738,268,0.8816279069767441,0.01956595445454875
249.64845430386373,274,0.7216604298950593,0.09135212305821416,268,0.8816279069767441,0.020076082930465255
2.4773649183079316,275,0.7215708447869276,0.08647946619428462,154,0.8862689585439838,0.01806107932510049
2.3656832468360864,275,0.7215708447869276,0.08647946619428462,154,0.8862689585439838,0.01806107932510049
0.24678600874580311,277,0.7215287704882118,0.06202826566515794,89,0.9001921132457028,0.015193914148064971
7940.22949773128,278,0.7215162616039611,0.09116162118047594,306,0.8810481968318167,0.01995533154741146
227.64709020347865,279,0.721506108907405,0.09149455455497037,306,0.8810481968318167,0.02020636465896504
164.82701005216103,280,0.7214959562108487,0.09114349697254782,306,0.8810481968318167,0.020536302656913388
828.3178015871388,281,0.7214878340536038,0.09117613413961666,251,0.8822076171216718,0.019154194437110392
908.37207123434,282,0.7214776813570476,0.09121135801129308,258,0.8822059319177621,0.017701194799599168
572.7035605086481,282,0.7214776813570476,0.09156036507449959,261,0.8822042467138523,0.016325509746714578
2.2590362780237365,284,0.7214174705537987,0.08632864711085181,160,0.8856875631951467,0.017420558202312145
2.157197043286552,284,0.7214174705537987,0.08632864711085181,160,0.8856875631951467,0.017420558202312145
2.594318975996074,286,0.7214165237992732,0.08663740701251185,159,0.8856892483990562,0.018894322262758233
0.27063708818830357,287,0.7213744495005574,0.062153191903090606,90,0.8996140883046848,0.01676102520851741
2.059948805972804,288,0.7212631495661445,0.0864865896822561,167,0.8851078530502191,0.01826457209730534
2.8450516180536076,289,0.721262202811619,0.0864249231437489,164,0.8851095382541286,0.01915599859882465
2.9793638175219246,289,0.721262202811619,0.0864249231437489,164,0.8851095382541286,0.01915599859882465
2.7167943242735197,289,0.721262202811619,0.0864249231437489,164,0.8851095382541286,0.01915599859882465
1.967084600099328,292,0.7212540718609883,0.08616888152582315,168,0.8851061678463095,0.016836070627848795
1.87840678988166,292,0.7212540718609883,0.08616888152582315,168,0.8851061678463095,0.016836070627848795
395.97044466607224,294,0.7211873142355401,0.09141079653553594,345,0.8798870913380519,0.019835926685455394
3.267309813573191,295,0.7210977291274083,0.08659426863922892,171,0.8845298281092011,0.019994036431204964
3.1200167690565817,296,0.7209443548942795,0.08644281041475681,176,0.8839484327603641,0.019365239730334254
3.421556423589236,297,0.720934330434598,0.08643293984604508,176,0.8839484327603641,0.019365239730334254
4.725605127161004,298,0.7206166107541332,0.08643228397830728,221,0.8827873272665994,0.019675295408480505
4.309140465734472,298,0.7206166107541332,0.08643228397830728,221,0.8827873272665994,0.019675295408480505
4.5125709167315895,298,0.7206166107541332,0.08643228397830728,221,0.8827873272665994,0.019675295408480505
4.114880828704941,298,0.7206166107541332,0.08643228397830728,221,0.8827873272665994,0.019675295408480505
3.7522389225313986,298,0.7206166107541332,0.08643228397830728,221,0.8827873272665994,0.019675295408480505
3.583084870363645,298,0.7206166107541332,0.08643228397830728,221,0.8827873272665994,0.019675295408480505
7.84918757752735,304,0.7206156639996077,0.08615311922593441,211,0.8827890124705089,0.020008460580889006
7.495339671683494,304,0.7206156639996077,0.08615311922593441,211,0.8827890124705089,0.020008460580889006
7.1574435238061005,304,0.7206156639996077,0.08615311922593441,211,0.8827890124705089,0.020008460580889006
6.834780015375551,304,0.7206156639996077,0.08615311922593441,211,0.8827890124705089,0.020008460580889006
6.5266624463333365,304,0.7206156639996077,0.08615311922593441,211,0.8827890124705089,0.020008460580889006
8.219740308763324,309,0.7206147172450823,0.08646371336523877,205,0.8827906976744186,0.021382443764218734
5.426972188858921,310,0.7206055113030516,0.08653604006173658,211,0.8827890124705089,0.02058793249615472
5.951471715661677,310,0.7206055113030516,0.08653604006173658,211,0.8827890124705089,0.02058793249615472
5.683174419607092,310,0.7206055113030516,0.08653604006173658,211,0.8827890124705089,0.02058793249615472
6.232435073630859,310,0.7206055113030516,0.08653604006173658,211,0.8827890124705089,0.02058793249615472
9.885340946089855,314,0.720604564548526,0.08644977533430162,205,0.8827906976744186,0.021382443764218734
10.352018554516475,314,0.720604564548526,0.08644977533430162,205,0.8827906976744186,0.021382443764218734
8.60778648441889,314,0.720604564548526,0.08644977533430162,205,0.8827906976744186,0.021382443764218734
11.352508080599504,314,0.720604564548526,0.08644977533430162,205,0.8827906976744186,0.021382443764218734
9.439701552486735,314,0.720604564548526,0.08644977533430162,205,0.8827906976744186,0.021382443764218734
3.929378577720011,319,0.7204632365210044,0.08628259074463625,258,0.8822059319177621,0.019159919458976372
5.182319767811096,320,0.7204521370699227,0.08659075886647966,254,0.8822076171216716,0.01984211610992272
9.014151953480889,321,0.7204502435608717,0.0862382285548682,241,0.882210987529491,0.02169162069557059
10.840727572015831,321,0.7204502435608717,0.0862382285548682,241,0.882210987529491,0.02169162069557059
11.88844926356838,323,0.7204411658557156,0.08628888451525765,244,0.8822093023255814,0.020828295157209298
15.679259304904697,324,0.7204402191011899,0.08639613557531237,234,0.8822109875294911,0.022454208839307273
4.948696481433857,325,0.720298762836794,0.08644104824053263,283,0.8816262217728346,0.019313745219901625
0.42926077171948585,326,0.7197410748852094,0.0763777944275982,102,0.8967121671722278,0.016144656632030387
0.40990933902233184,327,0.7195867538975551,0.07652021834333994,105,0.8961324570273004,0.017032565251219538
628.0535302582072,328,0.7193273402264433,0.09401958569909263,178,0.8839450623525448,0.016575331558274904
599.7403546276515,329,0.7190277759562907,0.09361984244994705,221,0.8827873272665994,0.01834959595171478
344.7963060064366,330,0.7190074705631784,0.09426165023418351,221,0.8827873272665994,0.018440941139554325
1732.7312926215,331,0.7188734549686364,0.09340039741282216,244,0.8822093023255814,0.020338486866724233
688.752897780946,331,0.7188734549686364,0.09340039741282216,244,0.8822093023255814,0.020338486866724233
476.20760547942973,333,0.7188633022720803,0.09374773491557285,254,0.8822076171216716,0.019064727247662967
434.2397233039088,333,0.7188633022720803,0.09407796847584712,254,0.8822076171216716,0.018798454975444818
546.8856075608165,333,0.7188633022720803,0.09341155630003949,251,0.8822076171216718,0.018887629496184652
8315.080232022388,336,0.7188623555175547,0.09340921562526638,244,0.8822093023255814,0.020338486866724233
198.22660209265584,337,0.7188440718703679,0.09405739239585874,258,0.8822059319177621,0.018535858329875834
1814.531900217783,338,0.7187191339809821,0.0938740394985718,268,0.8816279069767441,0.019219365744795002
9118.706175780853,339,0.718710056275826,0.09354753991894953,283,0.8816262217728346,0.018514183960612492
5489.919081653463,339,0.718710056275826,0.09354753991894953,283,0.8816262217728346,0.018514183960612492
8707.627315397453,339,0.718710056275826,0.09354753991894953,283,0.8816262217728346,0.018514183960612492
7582.277346385585,339,0.718710056275826,0.09354753991894953,283,0.8816262217728346,0.018514183960612492
867.4219025756655,339,0.718710056275826,0.09354753991894953,283,0.8816262217728346,0.018514183960612492
996.1633303274565,339,0.718710056275826,0.09354753991894953,283,0.8816262217728346,0.018514183960612492
2748.306142488841,339,0.718710056275826,0.09354753991894953,283,0.8816262217728346,0.018514183960612492
2506.099619444945,339,0.718710056275826,0.09320742523267163,268,0.8816279069767441,0.019823400068276938
1989.9006122569806,339,0.718710056275826,0.09354753991894953,283,0.8816262217728346,0.018514183960612492
1900.194237230286,339,0.718710056275826,0.09354753991894953,283,0.8816262217728346,0.018514183960612492
3156.205522977641,339,0.718710056275826,0.09354753991894953,283,0.8816262217728346,0.018514183960612492
5006.095903441058,350,0.7187089812844258,0.0935315215839893,268,0.8816279069767441,0.01956595445454875
3013.921152310292,350,0.7187089812844258,0.0935315215839893,268,0.8816279069767441,0.01956595445454875
522.2315494101894,352,0.7186999035792698,0.09356010921575003,296,0.8816245365689248,0.017007108748457907
1198.02010627764,352,0.7186999035792698,0.09321858942373945,283,0.8816262217728346,0.01833176834581876
2182.218150138587,354,0.7186989568247443,0.093216242243972,268,0.8816279069767441,0.019823400068276938
1092.439334182355,354,0.7186989568247443,0.09323100854136813,268,0.8816279069767441,0.019308116405777325
217.38456999430767,356,0.7186897508827135,0.09419111924153982,283,0.8816262217728346,0.018694819730878356
498.6889167110482,357,0.7186795981861573,0.09420225329484799,296,0.8816245365689248,0.01710562441137982
329.25260169079723,357,0.7186795981861573,0.09418898665813755,296,0.8816245365689248,0.017779956584660882
4564.911763125921,359,0.7185546602967715,0.09400567183509599,319,0.8810465116279069,0.018473243075728712
3461.242704979875,360,0.7185455825916154,0.09367961509415254,325,0.8810448264239973,0.01773836909895412
1313.804922741741,360,0.7185455825916154,0.09333853256762294,319,0.8810465116279069,0.019012198054228893
1375.8284121315285,360,0.7185455825916154,0.09335327952156258,319,0.8810465116279069,0.018474302252732316
1440.7799718683634,360,0.7185455825916154,0.09367961509415254,325,0.8810448264239973,0.01773836909895412
1508.7978333874908,360,0.7185455825916154,0.09333853256762294,319,0.8810465116279069,0.019012198054228893
1144.0123632369623,360,0.7185455825916154,0.09333853256762294,319,0.8810465116279069,0.019012198054228893
2083.8419405125405,360,0.7185455825916154,0.09367961509415254,325,0.8810448264239973,0.01773836909895412
2624.4102152311266,360,0.7185455825916154,0.09367961509415254,325,0.8810448264239973,0.01773836909895412
3305.2070043831673,360,0.7185455825916154,0.09333853256762294,319,0.8810465116279069,0.019012198054228893
1254.5775038518534,360,0.7185455825916154,0.09367961509415254,325,0.8810448264239973,0.01773836909895412
300.23577324297736,360,0.7185455825916154,0.09333668262967568,306,0.8810481968318167,0.020536302656913388
4780.416935472739,360,0.7185455825916154,0.09367961509415254,325,0.8810448264239973,0.01773836909895412
180.75701407063548,372,0.7185445076002155,0.0939895202420858,306,0.8810481968318167,0.019953860683626746
273.7761799661078,372,0.7185445076002155,0.0939895202420858,306,0.8810481968318167,0.019953860683626746
378.1197676071748,374,0.7185445076002154,0.09366032982009721,306,0.8810481968318167,0.020287905517003515
361.0738139203204,375,0.7185354298950593,0.0936767473611877,318,0.881046511627907,0.01865532419359011
414.66383532726957,376,0.7183912616039612,0.09347094777339976,331,0.8804684866868892,0.020647413058594945
7240.461975807953,377,0.718391261603961,0.09381338943633472,339,0.8804651162790698,0.017866778382445134
3974.9550360974413,377,0.718391261603961,0.09381338943633472,339,0.8804651162790698,0.017866778382445134
2878.0510794409856,377,0.718391261603961,0.09347279505407995,335,0.8804668014829794,0.019132110709211066
1654.6183244667266,377,0.718391261603961,0.09347279505407995,335,0.8804668014829794,0.019132110709211066
5749.0929757511785,377,0.718391261603961,0.09347279505407995,335,0.8804668014829794,0.019132110709211066
6602.364533430642,377,0.718391261603961,0.09347279505407995,335,0.8804668014829794,0.019132110709211066
3795.7607562494813,377,0.718391261603961,0.09381338943633472,339,0.8804651162790698,0.017866778382445134
10000.0,377,0.718391261603961,0.09381338943633472,339,0.8804651162790698,0.017866778382445134
314.40962049673186,385,0.718390186612561,0.09379412989929993,331,0.8804684866868892,0.020400368856046475
2393.1225637410435,386,0.7183811089074049,0.09347061366008425,339,0.8804651162790698,0.01823908780209924
261.4341220150025,387,0.7183709562108487,0.09379501209789681,339,0.8804651162790698,0.018513407018067782
189.29038196283628,388,0.7182277346742761,0.09391945420844118,350,0.8798854061341423,0.018618435573083365
207.5846927337002,389,0.7182267879197506,0.09360112581781473,345,0.8798870913380519,0.019835926685455394
4359.121743230265,389,0.7182267879197506,0.09360441553609944,350,0.8798854061341423,0.0183456868943384
1043.1912601818537,389,0.7182267879197506,0.09360441553609944,350,0.8798854061341423,0.0183456868943384
286.7008948148451,389,0.7182267879197506,0.09360112581781473,345,0.8798870913380519,0.019835926685455394
238.39409429780488,389,0.7182267879197506,0.09360112581781473,345,0.8798870913380519,0.019835926685455394
5242.428962312059,389,0.7182267879197506,0.09360441553609944,350,0.8798854061341423,0.0183456868943384
6020.502224575022,389,0.7182267879197506,0.09360441553609944,350,0.8798854061341423,0.0183456868943384
790.9765460024267,396,0.7180605737732734,0.08798781155751971,261,0.8822042467138523,0.01632550974671457
8.842552141545192e-05,397,0.7173985350487436,0.06283261087092222,403,0.7440478597910347,0.043130465566330045
0.2834136094793795,398,0.716211050807747,0.06634272927545515,94,0.8984529828109201,0.01719683139058449
0.2967932982719765,399,0.7158922561358821,0.06664134853534799,97,0.8972935625210651,0.01772918322657167
0.3108046295340915,399,0.7158922561358821,0.06664134853534799,97,0.8972935625210651,0.01772918322657167
8.443922534761537e-05,401,0.7158075301898704,0.0630629635593923,404,0.7382457027300304,0.045097743054722465
0.3254774225100651,402,0.7155734614640172,0.06661400107976966,103,0.8961341422312099,0.01779847749062197
0.3408429041825955,402,0.7155734614640172,0.06661400107976966,103,0.8961341422312099,0.01779847749062197
8.063263482277235e-05,404,0.7150196633503376,0.062344162474166506,405,0.7353420963936638,0.04415629238757761
7.699764856554515e-05,405,0.7137354069577221,0.06272485030993658,406,0.730701044826424,0.04549384215148584
0.44952576727501636,406,0.713327676192399,0.07444562471854531,108,0.8955510616784631,0.015550723465244633
7.352653051278966e-05,407,0.7130998393599179,0.06262306546283888,407,0.7283771486349849,0.046468698407626775
7.02118933495239e-05,408,0.7120022555536764,0.06273365296291732,408,0.7243124368048535,0.04771524917614108
6.70466827870713e-05,409,0.7108733951401153,0.06245667881787819,409,0.7202510953825414,0.046037548164646794
6.402416254995701e-05,410,0.7105656999193319,0.06261285614965251,410,0.7190899898887765,0.04701098832863683
6.11379000396087e-05,411,0.7099201078618462,0.062175814382095795,411,0.716767778901247,0.0467652410678398
5.838175264434903e-05,412,0.7021304554332286,0.06809851531330581,412,0.7132861476238624,0.048517909512503093
5.574985466654523e-05,413,0.7014836601474682,0.06839469783439119,413,0.7109622514324233,0.05074893351075348
5.323660483909346e-05,414,0.6881947183165353,0.04543753065768971,414,0.7074772497472195,0.050752881785484
5.0836654404671e-05,415,0.6873734248868827,0.045264770473567854,415,0.7045736434108527,0.05096505918308535
4.854489573238464e-05,416,0.6868921782767329,0.04480331158892228,416,0.7028311425682509,0.049099981500553815
4.635645144759104e-05,417,0.6860911902401927,0.044627760444857674,417,0.6999275362318841,0.04942198962573387
4.426666405175334e-05,418,0.6795233423228535,0.05002184705333895,418,0.698185035389282,0.051122463572439755
4.227108601024337e-05,419,0.6745888577360171,0.043348310221132044,419,0.6947000337040782,0.052355560210523455
4.036547028699395e-05,420,0.6681956361994444,0.044904759231670595,420,0.6935372430064037,0.05282272447875689
3.854576130585698e-05,421,0.6571312274924919,0.04780302087232069,421,0.6900572969329289,0.05375185839156821
3.680808631943103e-05,422,0.6499370179193791,0.046758455443754045,422,0.6859959555106168,0.05433540928797345
3.514874716698928e-05,423,0.6491248021948827,0.047309002357980835,423,0.6830957195820695,0.057572413250452016
3.356421240396705e-05,424,0.6401548262723452,0.052657755335923435,424,0.6796140883046848,0.05915851993560133
3.205110978625849e-05,425,0.6308680774238684,0.04426396333589528,425,0.6749679811257162,0.059214405541287464
3.060621909332746e-05,426,0.6263744851347062,0.047024952138358965,426,0.6732237950792046,0.05941729608134244
2.9226465274858545e-05,427,0.6196412167786308,0.054491904604376036,427,0.6709049544994945,0.06068897912053433
2.7908911906362702e-05,428,0.6191690478736371,0.05478957146432907,428,0.6691641388608022,0.06198881434849276
2.6650754939809726e-05,429,0.6150023812069704,0.0476115982654771,429,0.6685827435119649,0.061649599203196535
2.544931673598734e-05,430,0.6111242041692841,0.05263966031396692,430,0.666840242669363,0.062416507150546294
2.4302040365886454e-05,431,0.6066398178221527,0.05342941307093057,431,0.665097741826761,0.06178108316778755
2.320648416898503e-05,432,0.5997652214385557,0.0574936861592584,432,0.662190765082575,0.06419511631893055
2.216031655684844e-05,433,0.5988097841774868,0.057252000019991346,433,0.6587091338051904,0.06300355939944327
2.116131105098844e-05,434,0.5981731415882825,0.05772562581917713,434,0.656386922817661,0.06498384979399996
2.0207341544419257e-05,435,0.597217832564088,0.05791571859624172,435,0.6529052915402763,0.06536793430915434
1.929637777682675e-05,436,0.5970533588798774,0.05805744107530278,436,0.6523238961914392,0.06608790078954209
1.842648101372085e-05,437,0.5920754232432397,0.0638202590109287,437,0.6488405797101449,0.06841198830162364
1.7595799920375053e-05,438,0.5916124602802768,0.0642324881518893,438,0.6471014492753623,0.06939113617755836
1.6802566621772498e-05,439,0.5850345879032559,0.07319153147317106,439,0.6453589484327604,0.07021313529434671
1.6045092940172824e-05,440,0.58438792085437,0.07338092398496539,440,0.6430350522413211,0.07175953754074066
1.5321766802292613e-05,441,0.5752535994844965,0.06305121325493487,441,0.639551735760027,0.0728652534670489
1.463104880845317e-05,442,0.5744646576535636,0.06300684951898997,442,0.6366481294236602,0.07356179049240281
1.397146895639397e-05,443,0.5698258220819032,0.058184713406623435,443,0.6343242332322212,0.07140865985600242
1.3341623512779302e-05,444,0.5613381677609156,0.052626064825819906,444,0.6331631277384563,0.07125776367655474
1.2740172025740017e-05,445,0.5606904257206297,0.05222006654102453,445,0.6308426019548364,0.07010970346086981
1.2165834472092367e-05,446,0.5558669393085209,0.06365039148366705,446,0.6279339400067407,0.07457610118153138
1.1617388533162597e-05,447,0.5555490913911816,0.06350002189501144,447,0.626772834512976,0.07442250417800629
1.1093666993419626e-05,448,0.5504188565128152,0.06195513204741205,448,0.6227047522750253,0.07622822268610573
1.0593555256379544e-05,449,0.5497609617759731,0.06257769439873503,449,0.6203791708796764,0.07942574691338822
1.0115988972495176e-05,450,0.5492675407233415,0.0635781931252219,450,0.6186383552409842,0.08207464917670171
9.224473111762278e-06,451,0.5487852191217917,0.06342700206002602,451,0.6168958543983823,0.08174289304606742
9.659951773982388e-06,451,0.5487852191217917,0.06342700206002602,451,0.6168958543983823,0.08174289304606742
8.808626189915822e-06,453,0.5436317103498618,0.0629198140087123,453,0.6128311425682508,0.08415112208938537
8.411525993255094e-06,454,0.5370527629814409,0.07103297430679864,454,0.6110903269295584,0.08434084317106405
8.032327403813039e-06,455,0.5365694946253654,0.0712580027396159,455,0.6093478260869565,0.08606363880324294
7.324443350304374e-06,456,0.5277528929359567,0.0720781400965426,456,0.6070289855072464,0.08571736476483467
6.9942513507657915e-06,457,0.5275884192517462,0.07218293995791479,458,0.6064475901584092,0.08656530625061433
6.678944681257737e-06,458,0.5271051508956708,0.07244287424177935,459,0.6047050893158072,0.0883059845547395
6.377852298719147e-06,459,0.5267762035272497,0.07266099691735303,460,0.6035422986181328,0.09004276286307734
6.090333411268361e-06,460,0.5262827824746181,0.0729980769302277,461,0.6017981125716212,0.09269632533637505
5.81577611445484e-06,461,0.525624887737776,0.07346573371685108,462,0.5994725311762723,0.0963172526002106
5.553596088989727e-06,462,0.5249891919030973,0.07371546048009157,463,0.5971469497809235,0.09883354597754211
5.303235357183813e-06,463,0.5244957708504657,0.07409024962015896,464,0.5954027637344119,0.10164682093617897
7.67022340224364e-06,464,0.5237506999535007,0.07406412168314865,456,0.6070289855072464,0.08667259030265768
5.064161095446302e-06,465,0.5236937078225256,0.07399952899354799,465,0.5924991573980452,0.10286763233029893
4.835864500317141e-06,466,0.5233647604541045,0.07432764181005268,466,0.5913380519042803,0.10399146974226046
4.617859705619533e-06,467,0.5190336201032273,0.078186523905425,467,0.5901752612066059,0.10593082502794743
4.409682748428131e-06,468,0.5187046727348062,0.07851091015596534,468,0.5890124705089315,0.10788544971728363
4.210890581652239e-06,469,0.5088767254381392,0.08158703453416803,469,0.5849460734748904,0.1094630196637567
2.911433298190279e-06,470,0.5081962182168935,0.0893989266903051,477,0.5710026963262556,0.12252896743240882
2.7801834630457816e-06,471,0.5075494229311331,0.08926950599281769,478,0.5686821705426357,0.12261460166831722
2.6548504796581715e-06,472,0.5072204755627121,0.08926803461715195,479,0.567521065048871,0.1229137839518086
2.535167611427937e-06,473,0.5070560018785015,0.08905957406238692,480,0.5669413549039434,0.12218976629280287
3.1928140265370125e-06,474,0.5046763468359874,0.08861071446029742,475,0.5727435119649478,0.12300460789937694
3.048879314074081e-06,475,0.5045118731517768,0.08858414687146977,476,0.5721638018200201,0.12290889866756027
4.0210601311325884e-06,476,0.5043922108541332,0.08578389113999256,470,0.5832035726322884,0.11032124958420438
3.501389303470579e-06,477,0.5016276976055494,0.08731631923163335,473,0.5762335692618807,0.11711855873345015
3.343543760815394e-06,478,0.5011453760039994,0.08787369727518975,474,0.5744893832153691,0.1201286939363473
3.839787395244971e-06,479,0.498920988703665,0.08657028515099513,471,0.580881361644759,0.11111553654338646
3.6666865850944903e-06,480,0.49859204133524393,0.08678431086885961,472,0.5797202561509943,0.11203729359566472
2.4208801464633683e-06,481,0.4982303224839367,0.08389973011154021,481,0.5646191439164139,0.12021305178520812
2.3117448554967476e-06,482,0.4977369014313052,0.0833532442710347,482,0.5628800134816313,0.11867941583662422
2.2075294742380773e-06,483,0.49726473252631154,0.08309176509362806,483,0.561139197842939,0.11833980346444932
1.5262982244272472e-06,484,0.4972086871498621,0.08323837876254941,490,0.5466397034041119,0.11657835908581839
2.1080122090647808e-06,485,0.4967713114736799,0.0827039539720473,484,0.5594000674081564,0.11743296868896232
2.0129812649953017e-06,486,0.49627789042104836,0.08275917853709644,485,0.5576592517694642,0.11830895140302984
1.922234394942046e-06,487,0.495960042503709,0.08271821228607563,486,0.5564981462756993,0.1186813150639472
1.8355784692843811e-06,488,0.49531324721794856,0.08253064327232713,487,0.5541776204920795,0.11891109222190718
1.7528290648456406e-06,489,0.4945010314934522,0.0817013666675785,488,0.5512790697674419,0.11678598449411627
1.6738100723993852e-06,490,0.4936888157689558,0.0808666575395978,489,0.5483805190428043,0.11473870141884811
1.598353321869612e-06,491,0.4932064941674059,0.08075952136286715,490,0.5466397034041119,0.11513415418983618
1.1572816450903256e-06,492,0.49269060015209043,0.07740642684378539,497,0.5379356252106505,0.11524631619399482
1.391786504516809e-06,493,0.4906408392325227,0.07570883401416352,492,0.5448972025615099,0.11665848774923704
1.4574914307212274e-06,493,0.4906408392325227,0.07570883401416352,492,0.5448972025615099,0.11665848774923704
1.3290436110465328e-06,495,0.49031189186410157,0.07574725990705317,494,0.5437360970677452,0.11712523455286601
1.2691292194105874e-06,496,0.48981847081147,0.07560643713554752,495,0.5419952814290528,0.11701415886257811
1.2119158183932107e-06,497,0.48885288085384476,0.07524063388097653,496,0.538515335355578,0.11583983977461194
1.1051104257708654e-06,498,0.4885239334854237,0.08331801203339946,498,0.5373542298618134,0.11633300996322779
1.00771772643966e-06,499,0.48787619144513783,0.08283176829446448,499,0.5350353892821031,0.11568045873871621
1.0552911284202957e-06,499,0.48787619144513783,0.08283176829446448,499,0.5350353892821031,0.11568045873871621
9.622889729972897e-07,501,0.48738277039250627,0.0825089970263688,501,0.5332962588473206,0.11571475753643973
9.189081855529168e-07,502,0.4864162336803555,0.08177756161848836,502,0.5298179979777553,0.1147277997619058
8.379253746576944e-07,503,0.48626191269270114,0.08162214680560105,503,0.5292382878328278,0.11414320671922674
8.7748304009562e-07,503,0.48626191269270114,0.08162214680560105,503,0.5292382878328278,0.11414320671922674
8.001510016862873e-07,505,0.4860974390084906,0.081520029770706,505,0.5286585776879003,0.11421660057909011
7.640795288734604e-07,506,0.4817662986576134,0.07949285980072625,506,0.5274991573980452,0.11419268302473087
7.296341880633984e-07,507,0.4814373512891924,0.07935553863945469,507,0.52633973710819,0.11439225310506809
6.967416718726148e-07,507,0.4814373512891924,0.07935553863945469,507,0.52633973710819,0.11439225310506809
6.653319776754559e-07,509,0.4812728776049819,0.07928883596447606,509,0.5257600269632625,0.11450951791756522
6.353382586228689e-07,509,0.4812728776049819,0.07928883596447606,509,0.5257600269632625,0.11450951791756522
5.044731582154529e-07,511,0.48095408293311703,0.07894100128273952,511,0.5246006066734076,0.11333506473105999
6.066966813773669e-07,511,0.48095408293311703,0.07894100128273952,511,0.5246006066734076,0.11333506473105999
5.793462902614208e-07,511,0.48095408293311703,0.07894100128273952,511,0.5246006066734076,0.11333506473105999
5.532288775301544e-07,511,0.48095408293311703,0.07894100128273952,511,0.5246006066734076,0.11333506473105999
5.282888594922545e-07,511,0.48095408293311703,0.07894100128273952,511,0.5246006066734076,0.11333506473105999
4.1947347854632063e-07,516,0.4783741957150719,0.0712188005696344,519,0.5205409504550051,0.1104487474301256
4.817310885648244e-07,517,0.475625135564696,0.07491440066637475,516,0.5228597910347152,0.11240991313820524
4.600142503334922e-07,518,0.4754606618804854,0.07471684969667929,517,0.5222800808897877,0.11183723548735251
1.152841537700014e-07,519,0.4752917000103477,0.07149939903844903,544,0.5095247724974723,0.10911454251533602
9.15382638385552e-08,519,0.4752917000103477,0.07149939903844903,544,0.5095247724974723,0.10911454251533602
9.585969880783659e-08,519,0.4752917000103477,0.07149939903844903,544,0.5095247724974723,0.10911454251533602
1.0038514464001423e-07,519,0.4752917000103477,0.07149939903844903,544,0.5095247724974723,0.10911454251533602
1.0512423249521792e-07,519,0.4752917000103477,0.07149939903844903,544,0.5095247724974723,0.10911454251533602
1.1008704821154987e-07,519,0.4752917000103477,0.07149939903844903,544,0.5095247724974723,0.10911454251533602
4.3927642523616893e-07,525,0.4751317145120644,0.07432454015741624,518,0.5211206605999326,0.11071942066924881
8.347105317848906e-08,526,0.4751272263261372,0.07175072240562468,551,0.508943377148635,0.11012712440365412
8.74116427527512e-08,526,0.4751272263261372,0.07175072240562468,551,0.508943377148635,0.11012712440365412
7.611480081176202e-08,528,0.47496275264192656,0.07156196156786747,555,0.5083636670037074,0.10962223137541147
7.970810866046622e-08,528,0.47496275264192656,0.07156196156786747,555,0.5083636670037074,0.10962223137541147
7.268348227020046e-08,530,0.47479827895771615,0.0715474865405143,557,0.5077839568587799,0.10987922229608413
6.940685042305438e-08,530,0.47479827895771615,0.0715474865405143,557,0.5077839568587799,0.10987922229608413
6.627793186545351e-08,530,0.47479827895771615,0.0715474865405143,557,0.5077839568587799,0.10987922229608413
6.329006755942039e-08,530,0.47479827895771615,0.0715474865405143,557,0.5077839568587799,0.10987922229608413
6.043689866194935e-08,534,0.4746338052735056,0.07153452124556081,561,0.5072042467138523,0.11014781833462409
4.3759106669760203e-08,535,0.47446933158929505,0.07152306650403416,562,0.5066245365689248,0.11042793480899427
5.262619896466969e-08,535,0.47446933158929505,0.07152306650403416,562,0.5066245365689248,0.11042793480899427
5.7712352991967306e-08,535,0.47446933158929505,0.07152306650403416,562,0.5066245365689248,0.11042793480899427
5.511063210737581e-08,535,0.47446933158929505,0.07152306650403416,562,0.5066245365689248,0.11042793480899427
5.025376613487144e-08,535,0.47446933158929505,0.07152306650403416,562,0.5066245365689248,0.11042793480899427
4.7988284550700546e-08,535,0.47446933158929505,0.07152306650403416,562,0.5066245365689248,0.11042793480899427
4.5824932761029894e-08,535,0.47446933158929505,0.07152306650403416,562,0.5066245365689248,0.11042793480899427
3.638604828406813e-08,542,0.47430485790508453,0.07151312304180103,569,0.5060448264239973,0.1107194842803139
2.8891357389103244e-08,542,0.47430485790508453,0.07151312304180103,569,0.5060448264239973,0.1107194842803139
3.025529108082671e-08,542,0.47430485790508453,0.07151312304180103,569,0.5060448264239973,0.1107194842803139
3.168361479377223e-08,542,0.47430485790508453,0.07151312304180103,569,0.5060448264239973,0.1107194842803139
3.317936832001924e-08,542,0.47430485790508453,0.07151312304180103,569,0.5060448264239973,0.1107194842803139
2.7588910962878187e-08,542,0.47430485790508453,0.07151312304180103,569,0.5060448264239973,0.1107194842803139
2.6345179905070754e-08,542,0.47430485790508453,0.07151312304180103,569,0.5060448264239973,0.1107194842803139
2.5157517278026542e-08,542,0.47430485790508453,0.07151312304180103,569,0.5060448264239973,0.1107194842803139
2.4023395470242632e-08,542,0.47430485790508453,0.07151312304180103,569,0.5060448264239973,0.1107194842803139
2.2940400817045417e-08,542,0.47430485790508453,0.07151312304180103,569,0.5060448264239973,0.1107194842803139
1.5146088873714366e-08,542,0.47430485790508453,0.07151312304180103,569,0.5060448264239973,0.1107194842803139
1.0966468057233656e-08,542,0.47430485790508453,0.07151312304180103,569,0.5060448264239973,0.1107194842803139
1.1484184655350696e-08,542,0.47430485790508453,0.07151312304180103,569,0.5060448264239973,0.1107194842803139
1.2026342165032612e-08,542,0.47430485790508453,0.07151312304180103,569,0.5060448264239973,0.1107194842803139
1.2594094418627631e-08,542,0.47430485790508453,0.07151312304180103,569,0.5060448264239973,0.1107194842803139
1.3188649719819266e-08,542,0.47430485790508453,0.07151312304180103,569,0.5060448264239973,0.1107194842803139
1.3811273415166487e-08,542,0.47430485790508453,0.07151312304180103,569,0.5060448264239973,0.1107194842803139
1.446329058704416e-08,542,0.47430485790508453,0.07151312304180103,569,0.5060448264239973,0.1107194842803139
1.58611214225308e-08,542,0.47430485790508453,0.07151312304180103,569,0.5060448264239973,0.1107194842803139
2.1906228463772728e-08,542,0.47430485790508453,0.07151312304180103,569,0.5060448264239973,0.1107194842803139
1.660990998256107e-08,542,0.47430485790508453,0.07151312304180103,569,0.5060448264239973,0.1107194842803139
1.0472090554055411e-08,542,0.47430485790508453,0.07151312304180103,569,0.5060448264239973,0.1107194842803139
1.7394048143208845e-08,542,0.47430485790508453,0.07151312304180103,569,0.5060448264239973,0.1107194842803139
1.821520472572824e-08,542,0.47430485790508453,0.07151312304180103,569,0.5060448264239973,0.1107194842803139
1.9075127334848417e-08,542,0.47430485790508453,0.07151312304180103,569,0.5060448264239973,0.1107194842803139
1.997564607806703e-08,542,0.47430485790508453,0.07151312304180103,569,0.5060448264239973,0.1107194842803139
2.0918677460527975e-08,542,0.47430485790508453,0.07151312304180103,569,0.5060448264239973,0.1107194842803139
3.474573495735988e-08,542,0.47430485790508453,0.07151312304180103,569,0.5060448264239973,0.1107194842803139
1e-08,542,0.47430485790508453,0.07151312304180103,569,0.5060448264239973,0.1107194842803139
3.990264362361955e-08,542,0.47430485790508453,0.07151312304180103,569,0.5060448264239973,0.1107194842803139
4.1786409737274566e-08,542,0.47430485790508453,0.07151312304180103,569,0.5060448264239973,0.1107194842803139
3.810379925349948e-08,542,0.47430485790508453,0.07151312304180103,569,0.5060448264239973,0.1107194842803139
4.00563265167599e-07,574,0.47420752904840524,0.06975511627399328,520,0.5199612403100776,0.11058538156919576
3.8250553993966115e-07,575,0.47354963431156316,0.06943653412037352,521,0.5176423997303674,0.11052377259049588
3.652618719874729e-07,575,0.47354963431156316,0.06943653412037352,521,0.5176423997303674,0.11052377259049588
3.487955629318178e-07,577,0.4733851606273526,0.0694026785397658,523,0.5170626895854399,0.11070585816080626
3.3307156878694446e-07,578,0.47322068694314207,0.06937036628907708,524,0.5164829794405124,0.11089976675098336
3.180564253791326e-07,578,0.47322068694314207,0.06937036628907708,524,0.5164829794405124,0.11089976675098336
3.0371817712745276e-07,580,0.47305621325893155,0.06933959952588245,526,0.5159032692955848,0.11110543645808482
2.9002630903514733e-07,580,0.47305621325893155,0.06933959952588245,526,0.5159032692955848,0.11110543645808482
2.769516817469001e-07,580,0.47305621325893155,0.06933959952588245,526,0.5159032692955848,0.11110543645808482
2.644664695337724e-07,583,0.472891739574721,0.06912978954988595,529,0.5153235591506572,0.11056552057676769
2.525441010738352e-07,583,0.472891739574721,0.06912978954988595,529,0.5153235591506572,0.11056552057676769
2.4115920290245695e-07,583,0.472891739574721,0.06912978954988595,529,0.5153235591506572,0.11056552057676769
2.3028754541190047e-07,586,0.47258499110846336,0.06890662833211886,532,0.5141607684529829,0.1095542003896824
2.1990599128530222e-07,587,0.47242051742425284,0.06887610018639154,533,0.5135810583080553,0.10976543530696152
2.0999244625529107e-07,587,0.47242051742425284,0.06887610018639154,533,0.5135810583080553,0.10976543530696152
1.9148594165354515e-07,589,0.47226619643659856,0.06867830527116979,535,0.5130013481631277,0.10922195446878767
2.005258120824496e-07,589,0.47226619643659856,0.06867830527116979,535,0.5130013481631277,0.10922195446878767
1.7461040387313946e-07,591,0.47178292808052313,0.06824193987708979,537,0.5112622177283452,0.10838113333487415
1.828535961039704e-07,591,0.47178292808052313,0.06824193987708979,537,0.5112622177283452,0.10838113333487415
1.5922209681535857e-07,593,0.4716184543963126,0.06803337358874083,539,0.5106825075834176,0.10786495268414961
1.6673882160570128e-07,593,0.4716184543963126,0.06803337358874083,539,0.5106825075834176,0.10786495268414961
1.3864466794442712e-07,595,0.4714539807121021,0.06800409372088029,541,0.51010279743849,0.1080919261252891
1.4518995175509843e-07,595,0.4714539807121021,0.06800409372088029,541,0.51010279743849,0.1080919261252891
1.520442322318327e-07,595,0.4714539807121021,0.06800409372088029,541,0.51010279743849,0.1080919261252891
1.32394450973054e-07,598,0.4712895070278916,0.06797639308225867,550,0.5095230872935625,0.10833083346957659
1.207266097727103e-07,599,0.47112503334368105,0.06795027360424385,551,0.508943377148635,0.10858159594410265
1.2642599898239333e-07,599,0.47112503334368105,0.06795027360424385,551,0.508943377148635,0.10858159594410265
